data_year	location	dispersion
1991	0.366168128	0.3
1992	0.804538422	0.3
1993	1.010830325	0.3
1994	1.717380093	0.3
1995	1.21196493	0.3
1996	0.861268695	0.3
1997	0.582774626	0.3
1998	0.665291387	0.3
1999	1.768953069	0.3
2000	1.258380609	0.3
2001	1.010830325	0.3
2002	1.062403301	0.3
2003	0.825167612	0.3
2004	0.990201135	0.3
2005	1.990716864	0.3
2006	1.495616297	0.3
2007	0.892212481	0.3
2008	0.598246519	0.3
2009	0.469314079	0.3
2010	0.417741104	0.3
