year	index
1991	0.366168128
1992	0.804538422
1993	1.010830325
1994	1.717380093
1995	1.21196493
1996	0.861268695
1997	0.582774626
1998	0.665291387
1999	1.768953069
2000	1.258380609
2001	1.010830325
2002	1.062403301
2003	0.825167612
2004	0.990201135
2005	1.990716864
2006	1.495616297
2007	0.892212481
2008	0.598246519
2009	0.469314079
2010	0.417741104
